Chromosome,"Position Genome, kb",Log2Ratio
0,,
1,0,
1,468,0.008824
1,2241,-0.000894
1,4504,0.075875
1,5440,0.017303
1,7000,-0.006766
1,9046,0.020755
1,10000,-0.094938
1,12618,-0.054527
1,13000,-0.025057
1,14282,
1,15137,0.108454
1,19277,0.078633
1,20960,0.098571
1,22484,0.044048
1,23266,0.018039
1,23982,-0.088807
1,24179,0.016349
1,24473,0.030977
1,27928,0.071137
1,29977,-0.00989
1,29977,-0.006469
1,29978,-0.003252
1,31817,
1,34038,-0.019635
1,35000,0.045582
1,35105,0.132768
1,35705,0.13352
1,36206,0.156767
1,37116,0.009122
1,39885,0.123443
1,40326,
1,43000,0.139503
1,43633,-0.015746
1,46617,0.058658
1,50292,-0.047037
1,53142,0.097608
1,59641,0.030969
1,60609,0.005449
1,63419,-0.003022
1,65000,0.110623
1,65310,-0.009742
1,67437,0.006256
1,67690,0.016967
1,69061,0.012966
1,70496,-0.084022
1,71190,0.037796
1,71255,0.013165
1,72188,0.075877
1,77228,0.012591
1,83737,
1,85832,0.082055
1,87214,-0.10104
1,88169,-0.065391
1,89492,-0.145097
1,91000,
1,91440,
1,91440,-0.064319
1,93058,0.108947
1,94489,-0.01239
1,97558,0.046397
1,101150,0.027309
1,106425,-0.103981
1,108745,0.045395
1,108745,
1,110292,-0.079125
1,112203,
1,118442,0.018673
1,118765,-0.02705
1,119363,0.112587
1,119636,0.0147
1,119920,-0.056173
1,121000,0.023271
1,122021,0.017163
1,123841,0.128374
1,123880,0.012954
1,123880,-0.026812
1,125145,-0.000278
1,129084,-0.011843
1,131213,0.058913
1,132147,0.032282
1,132170,0.10056
1,136791,0.142153
1,136941,0.262504
1,147953,-0.048899
1,148540,-0.048117
1,148718,-0.003886
1,151026,0.047613
1,151638,-0.052265
1,156000,0.19298
1,156276,0.035928
1,156678,0.099558
1,156894,0.070758
1,157167,-0.021757
1,157548,0.086241
1,159915,0.059642
1,160495,-0.007326
1,161378,0.006002
1,164589,-0.038933
1,166102,-0.037396
1,167481,0.127727
1,172364,-0.017152
1,173389,-0.041573
1,175000,-0.034379
1,175000,0.043413
1,175835,-0.021055
1,179980,-0.013771
1,185000,-0.003725
1,191000,0.031748
1,193090,-0.01756
1,194307,0.134116
1,194525,0.074466
1,196776,0.055195
1,197175,0.212079
1,197841,0.109432
1,198286,0.048433
1,199782,0.15288
1,201035,0.090067
1,203525,0.120208
1,203906,-0.001124
1,206000,0.046596
1,206000,-0.029086
1,206873,0.123064
1,208374,-0.039338
1,209425,-0.05478
1,209867,-0.075982
1,211009,-0.004553
1,211163,0.003484
1,212368,-0.013971
1,213074,-0.019083
1,216153,0.033579
1,218165,-0.079342
1,220438,0.054599
1,228492,-0.017135
1,230638,0.062351
1,232522,0.03027
1,235000,
1,235868,-0.124253
1,236074,0.007088
1,237341,-0.249959
1,237468,-0.069497
1,240000,-0.054893
2,0,-0.015367
2,5906,0.025547
2,9000,-0.013906
2,9597,-0.011551
2,14809,0.028237
2,15506,-0.025129
2,18169,
2,19001,
2,28689,0.058062
2,29000,-0.070414
2,31897,-0.082277
2,35196,0.029889
2,37247,0.035007
2,38637,0.050741
2,45000,-0.014971
2,47379,0.027122
2,47951,0.076119
2,60425,-0.080422
2,64772,0.07505
2,73904,0.137227
2,76537,0.025142
2,83078,-0.058886
2,85979,-0.016059
2,88378,0.035648
2,89558,-0.011214
2,97000,0.065366
2,106856,0.020566
2,107408,-0.011986
2,112849,-0.081582
2,120000,0.03111
2,135555,0.021979
2,136610,
2,136610,-0.033946
2,138570,-0.005358
2,142450,0.229043
2,145137,
2,148050,0.000675
2,148050,
2,152523,-0.048785
2,152523,0.031526
2,153416,0.006682
2,157033,-0.054298
2,160973,-0.064186
2,169210,-0.082237
2,169210,-0.038062
2,173121,-0.033718
2,182639,0.010225
2,183417,-0.03156
2,187218,0.003753
2,187855,-0.088095
2,190878,-0.006211
2,198680,0.072393
2,198680,-0.134335
2,203416,0.123135
2,206432,0.029464
2,210314,-0.006917
2,212567,-0.045684
2,218783,
2,224174,0.046025
2,227263,0.009455
2,228708,-0.004757
2,230615,0.07724
2,231708,0.001559
2,232718,0.002854
2,239473,0.086867
2,241287,-0.026143
2,241459,-0.038057
2,243800,0.040999
2,244836,0.05534
2,245000,0.272888
3,0,-0.072318
3,2163,0.008502
3,4277,-0.089874
3,4379,0.120815
3,9908,-0.002818
3,11903,0.142023
3,15223,-0.0476
3,16286,0.020546
3,19013,-0.065116
3,19013,-0.045287
3,22203,-0.076233
3,23687,-0.003472
3,24355,-0.026379
3,31186,-0.056217
3,31702,-0.099818
3,32552,
3,32872,0.042507
3,37562,-0.014595
3,38997,0.002882
3,39768,0.097277
3,45246,0.118844
3,46320,0.060052
3,47743,-0.033411
3,51716,0.058263
3,51760,
3,54305,0.014104
3,55114,-0.03161
3,56986,-0.060076
3,58278,-0.103428
3,63322,0.039638
3,64000,-0.053356
3,64321,
3,65643,-0.033408
3,65849,
3,66707,0.082645
3,67000,0.009974
3,67096,0.04315
3,68257,-0.054681
3,70080,0.009481
3,70909,
3,71618,0.012358
3,71785,-0.042872
3,76349,-0.016887
3,79740,0.02452
3,81387,-0.02595
3,84728,
3,105243,0.189537
3,106000,
3,111766,-0.040018
3,115000,0.090435
3,116000,-0.085802
3,119455,-0.013561
3,120916,
3,121522,-0.011958
3,123000,0.10047
3,125734,-0.137243
3,126132,-0.060467
3,126826,
3,129187,-0.058682
3,134588,0.048692
3,137185,0.024458
3,138649,0.039803
3,146827,-0.007466
3,147453,0.020318
3,150022,0.03652
3,151127,-0.040251
3,152280,0.046006
3,155766,0.017784
3,156729,0.023874
3,158373,-0.140688
3,162713,0.038996
3,163928,0.023406
3,164967,0.072019
3,165442,-0.07794
3,176538,0.137627
3,177000,0.030966
3,178535,-0.050167
3,184597,-0.059581
3,186000,-0.057357
3,187782,-0.02132
3,188146,0.063161
3,189177,0.062484
3,189669,0.004485
3,193737,-0.014358
3,194979,-0.084971
3,194979,
3,194979,0.015382
3,198456,0.074774
3,200958,0.093892
3,201032,-0.0552
3,204762,0.013428
3,206003,-0.004955
3,206630,-0.015447
3,207439,0.055836
3,217902,0.102854
3,218000,-0.025088
3,,0.236669
4,0,-0.177064
4,670,-0.091248
4,937,-0.044641
4,1796,-0.100393
4,5000,-0.002084
4,6372,-0.063741
4,6442,0.104225
4,9245,0.087731
4,11113,-0.048377
4,12650,-0.02635
4,14395,0.026102
4,15439,0.079141
4,22245,0.009137
4,23000,0.050181
4,24381,0.200753
4,24741,-0.218782
4,28062,-0.047831
4,28506,-0.016901
4,30000,0.082039
4,31139,0.177886
4,31384,0.003448
4,33138,-0.04438
4,34000,-0.015237
4,34589,-0.102941
4,35461,-0.014794
4,35676,-0.002182
4,35676,
4,35743,-0.041175
4,36700,-0.068347
4,37300,
4,37795,-0.054929
4,38563,
4,38960,-0.007939
4,43304,-0.042225
4,44391,0.01798
4,44982,0.104887
4,44982,
4,45336,-0.121833
4,45924,-0.04318
4,47062,-0.071931
4,47062,-0.605928
4,48000,-0.012284
4,49000,0.013872
4,49410,-0.045921
4,49411,-0.05008
4,50135,
4,50500,-0.002883
4,50838,-0.065119
4,51152,
4,51758,-0.055835
4,52708,-0.033712
4,54004,-0.040807
4,54155,-0.031756
4,55000,
4,62929,-0.087931
4,63696,0.151375
4,64466,-0.041305
4,67000,0.030929
4,67993,0.044105
4,68113,0.015974
4,68113,-0.025832
4,68113,0.022766
4,68967,0.225752
4,69653,
4,69736,0.03731
4,69736,-0.02938
4,70609,0.125553
4,70796,-0.067488
4,71000,0.011709
4,71686,0.120881
4,73441,0.092777
4,74000,0.267233
4,75389,0.055053
4,76685,-0.028383
4,77168,-0.021235
4,77765,0.103159
4,78427,-0.051509
4,79070,
4,80562,-0.069985
4,81279,0.102128
4,81653,0.018577
4,81842,0.037695
4,82441,-0.013358
4,83518,
4,84784,-0.112375
4,84945,0.00063
4,85847,-0.059083
4,86078,-0.024517
4,88652,0.020524
4,89501,-0.086753
4,91958,-0.004958
4,93121,-0.024054
4,94341,-0.166494
4,95141,-0.075583
4,96025,-0.097329
4,108131,-0.059551
4,109028,-0.035489
4,109550,0.042872
4,114000,-0.026792
4,117351,-1.04537
4,117357,0.035889
4,117690,-0.098946
4,118174,-0.047241
4,120000,-0.024539
4,121000,0.077759
4,121623,-0.052297
4,122370,-0.107749
4,122614,-0.166508
4,123190,
4,126444,-0.052966
4,127644,-0.149476
4,127958,-0.091548
4,130000,0.038207
4,131000,0.093602
4,133057,
4,133690,-0.103741
4,134000,0.019922
4,137023,-0.098744
4,138200,-0.03969
4,138912,
4,138912,-0.07596
4,139758,
4,140953,0.013999
4,142646,-0.006204
4,142663,-0.022601
4,143096,0.010559
4,143096,-0.025492
4,143226,0.01195
4,144770,0.034529
4,145235,-0.027668
4,146582,0.016546
4,150275,-0.040227
4,150414,-0.00541
4,150713,0.038517
4,151106,0.271376
4,152675,0.331911
4,153167,-0.030253
4,153500,0.094841
4,154592,0.037569
4,155000,0.104933
4,156500,0.083262
4,157000,0.208422
4,162345,-0.066071
4,163000,0.01557
4,163605,-0.186185
4,164000,-0.066862
4,164603,-0.006748
4,164500,-0.083832
4,165500,0.011128
4,166000,-0.003319
4,167212,0.006707
4,168055,0.028273
4,168055,-0.181353
4,169000,-0.039267
4,170170,0.033259
4,171060,0.006896
4,171809,-0.046789
4,172856,0.328943
4,173000,0.091386
4,173943,0.32983
4,176000,0.163492
4,177282,0.070837
4,177387,0.186966
4,178400,0.055372
4,178574,0.114124
4,179000,
4,179118,0.235458
4,179200,0.021077
4,179490,-0.017237
4,179491,-0.008209
4,179515,-0.128605
4,179764,-0.121125
4,179964,-0.079187
4,180569,-0.096684
4,181352,0.108136
4,181500,-0.015953
4,182290,-0.021727
4,182753,-0.021381
4,183715,-0.085694
4,184000,0.011702
5,0,-0.07032
5,1478,0.000542
5,2502,-0.086554
5,3755,0.033156
5,4489,0.078319
5,4493,0.112924
5,6161,-0.151948
5,7307,0.003085
5,7981,0.103513
5,9004,0.000573
5,9483,-0.131017
5,12856,-0.098227
5,13523,-0.044832
5,16721,0.144695
5,17348,0.061711
5,18331,-0.04758
5,18757,-0.010101
5,18757,0.013618
5,19431,0.009639
5,19536,-0.091285
5,20278,0.250031
5,31290,0.102761
5,31756,0.009331
5,33523,0.030707
5,36000,0.02159
5,41301,-0.052042
5,45310,-0.063297
5,52660,0.013396
5,53378,-0.081203
5,55235,-0.112017
5,55761,0.115526
5,56173,0.053082
5,57760,-0.048251
5,58495,-0.117882
5,59803,0.03875
5,64472,
5,66699,0.025736
5,67994,0.0792
5,68199,0.037796
5,69363,-0.080416
5,69749,-0.009053
5,70001,0.014784
5,70520,-0.110191
5,77125,-0.122267
5,79167,-0.069071
5,80689,-0.056853
5,81832,-0.043392
5,84635,-0.018204
5,84851,0.017997
5,86132,-0.103804
5,89069,-0.0849
5,93921,-0.087529
5,100229,0.081309
5,108495,0.122336
5,110674,-0.058211
5,111974,-0.040976
5,112375,
5,113931,-0.073652
5,117907,-0.098068
5,118520,-0.011518
5,118750,0.012713
5,119500,-0.050271
5,120031,
5,122150,
5,123820,0.004976
5,126999,0.091037
5,128751,-0.13991
5,130231,-0.171812
5,131287,
5,132700,0.172784
5,133392,
5,134179,0.006276
5,136268,-0.063971
5,144880,0.278151
5,145459,0.051215
5,145964,0.002476
5,145964,-0.105417
5,150640,-0.086839
5,150791,-0.02341
5,151000,-0.054548
5,153798,0.008788
5,155000,0.139912
5,162251,-0.01327
5,162251,0.003887
5,162251,-0.000346
5,164252,0.149279
5,164821,0.205328
5,165293,
5,166548,0.089847
5,167259,-0.143793
5,168100,-0.132043
5,170788,0.003339
5,171209,-0.079174
5,173458,0.051817
5,173552,-0.1133
5,173961,-0.035005
5,175112,-0.040338
5,176824,-0.077696
5,178196,-0.02026
5,179427,-0.070437
5,180635,-0.118404
5,180642,-0.10849
5,183236,-0.020825
5,184816,0.071609
5,185583,-0.007951
5,186667,0.046859
5,187974,0.079033
5,188116,0.034356
5,189860,-0.076183
5,190463,-0.044874
5,190544,0.108661
5,191090,-0.014818
5,195148,
5,196580,-0.060113
5,197973,-0.099358
5,198500,-0.095765
6,0,-0.053016
6,4228,-0.048771
6,5735,-0.03114
6,7165,0.044412
6,7715,-0.001794
6,8000,-0.0201
6,8313,-0.080227
6,14401,-0.040323
6,15547,-0.004733
6,17226,0.00012
6,17610,0.029377
6,17673,-0.062164
6,17996,0.003971
6,19000,0.021999
6,21837,0.039019
6,22387,-0.02658
6,22502,-0.108018
6,23564,0.060714
6,23974,0.012071
6,25460,-0.026519
6,25762,-0.019515
6,26109,-0.07289
6,27027,-0.087241
6,28072,-0.117906
6,29393,
6,34515,0.133977
6,35350,0.038409
6,42902,0.086123
6,45332,-0.037989
6,46439,0.068754
6,46718,0.009238
6,47206,-0.047429
6,47741,0.010065
6,49498,-0.028523
6,49498,0.060032
6,51000,0.020352
6,51148,0.077045
6,53834,0.03651
6,54633,0.216932
6,54822,0.114913
6,58197,0.033721
6,58527,0.010543
6,60000,-0.031537
6,63012,-0.040887
6,65990,-0.038698
6,65990,0.034817
6,67567,-0.058952
6,68240,-0.143228
6,68877,0.007838
6,71993,-0.066195
6,74044,-0.184974
6,74205,0.125008
6,81744,0.000475
6,82221,-0.0166
6,85928,-0.042636
6,89439,0.066697
6,97623,-0.073777
6,101914,-0.099611
6,103277,0.069345
6,104187,
6,110986,-0.13265
6,111465,0.042523
6,113874,-0.04898
6,115709,-0.070554
6,118736,-0.021259
6,123052,-0.083401
6,123230,-0.016913
6,125923,0.06719
6,126374,0.07561
6,126901,
6,127676,-0.051298
6,129512,-0.024916
6,133862,-0.021454
6,135463,-0.085419
6,139052,0.055175
6,139346,-0.031345
6,143303,0.048201
6,145965,0.015515
6,148166,-0.114224
6,150175,0.050597
6,151000,0.048129
6,152190,-0.034801
6,154694,
6,168216,0.068586
6,171246,-0.042187
6,175426,0.100243
6,179176,0.217592
6,187385,-0.120854
6,188000,-0.016932
7,0,-0.030942
7,2310,-0.03914
7,2687,-0.013386
7,3000,-0.106425
7,3000,-0.051973
7,3276,0.005766
7,4000,0.019527
7,4525,0.042704
7,4735,0.098788
7,5492,0.024101
7,5716,-0.048581
7,5765,0.008142
7,6490,
7,6868,
7,8528,
7,9623,-0.087973
7,9696,-0.052879
7,17000,-0.036088
7,17181,0.016246
7,17196,0.111681
7,18019,0.041377
7,18570,-0.072514
7,18947,-0.013778
7,19723,-0.103019
7,20182,-0.084812
7,20910,-0.056986
7,23000,0.084667
7,23348,0.004784
7,23578,0.086567
7,25392,0.044971
7,27000,0.021085
7,27572,0.086833
7,28684,0.045757
7,28974,0.05685
7,30656,-0.003025
7,31000,-0.035298
7,32603,0.012553
7,32934,0.002769
7,33764,-0.06994
7,34000,-0.06231
7,34138,-0.056916
7,35832,-0.016754
7,36252,0.100855
7,36346,0.19413
7,37000,0.011886
7,38000,
7,38319,-0.031995
7,39052,
7,40025,0.015313
7,40773,0.24035
7,41592,-0.024697
7,42488,-0.030347
7,42560,-0.014743
7,42610,0.008411
7,42911,0.067858
7,44346,-0.017144
7,44700,0.030091
7,45000,0.017797
7,46235,0.039828
7,46278,-0.061615
7,46367,-0.050507
7,47204,0.016378
7,48002,-0.005149
7,48002,0.000528
7,48332,-0.032143
7,49224,0.040595
7,50000,0.055089
7,52172,-0.034783
7,52172,0.033591
7,53354,0.038299
7,55000,-0.123872
7,56058,-0.024627
7,57472,0.030116
7,57900,0.005835
7,57909,0.096212
7,57971,0.019305
7,57971,0.160713
7,59293,
7,60590,-0.084852
7,61000,-0.083347
7,63000,-0.046254
7,64000,
7,65000,
7,65231,-0.047666
7,65231,-0.069558
7,66000,
7,66694,
7,67814,0.022064
7,68103,
7,69272,-0.014866
7,69935,0.037114
7,71000,0.150672
7,71999,-0.046617
7,72163,0.013788
7,73000,-0.016037
7,74000,-0.140742
7,75000,
7,75528,0.00436
7,76000,-0.007059
7,76500,-0.049914
7,76577,-0.078857
7,77000,0.01426
7,77700,
7,78000,-0.03237
7,78537,-0.030895
7,79000,-0.014101
7,79973,
7,80865,-0.049734
7,82458,0.014992
7,83473,0.063282
7,84490,0.090887
7,84490,0.14126
7,84490,-0.035478
7,85169,-0.013926
7,87347,0.177317
7,88000,0.078492
7,88606,-0.058104
7,88730,-0.011249
7,88876,-0.030675
7,89576,-0.029807
7,92561,0.261737
7,93299,-0.070529
7,94488,-0.019531
7,96000,0.014052
7,96198,-0.050908
7,97000,
7,97500,-0.022463
7,98229,-0.036425
7,98929,-0.031567
7,100383,-0.09879
7,103640,-0.187289
7,103790,-0.014598
7,106315,-0.046611
7,106546,-0.060761
7,106756,0.030415
7,107107,0.045201
7,107771,0.029347
7,108392,-0.105041
7,111763,-0.047882
7,111828,-0.04345
7,112763,0.112994
7,115128,0.017222
7,115449,
7,116097,-0.242201
7,116388,0.065575
7,116770,0.015406
7,117000,0.006374
7,117133,-0.01882
7,117161,-0.006233
7,117740,-0.016898
7,118162,-0.016481
7,120413,-0.150401
7,122000,0.000182
7,122188,-0.150245
7,122258,
7,122741,-0.082089
7,124000,-0.04355
7,125000,
7,125448,
7,127550,-0.060224
7,127874,-0.005573
7,127991,0.072606
7,129396,0.041366
7,130216,-0.01873
7,131000,0.024115
7,133512,0.053568
7,135039,0.016083
7,137263,0.021144
7,138863,-0.036106
7,140393,-0.051854
7,140573,
7,141000,-0.041201
7,141183,-0.051857
7,141183,0.068587
7,141417,-0.010993
7,142000,-0.001874
7,142000,-0.003759
7,142107,-0.155199
7,142121,
7,142258,-0.049538
7,143909,-0.095558
7,145000,
7,147701,-0.118673
7,148213,
7,149547,-0.011237
7,151000,0.166969
7,152527,
7,153024,0.17909
7,153183,0.135658
7,155591,
7,156233,0.084672
7,156300,0.155607
7,156786,-0.129665
7,159346,-0.017549
7,159500,-0.051109
7,161494,-0.202509
7,161500,-0.022927
8,0,-0.059743
8,0,-0.086778
8,1000,0.049993
8,1949,0.068367
8,2258,-0.058865
8,2856,-0.016909
8,3527,-0.039678
8,3569,-0.039836
8,4600,-0.046178
8,8634,0.057202
8,8713,0.052358
8,9373,0.056801
8,9700,0.057101
8,10336,-0.068928
8,10535,-0.054798
8,11052,-0.025951
8,11254,0.0686
8,11600,-0.000681
8,11959,0.025059
8,12400,0.005019
8,12500,-0.020572
8,13167,-0.004622
8,13267,0.020551
8,16300,0.001182
8,16314,0.005407
8,16816,
8,17993,0.042205
8,17993,0.004764
8,20884,-0.016704
8,21222,-0.019241
8,21275,-0.063285
8,21998,0.024284
8,22889,-0.073213
8,23170,0.002415
8,33872,0.05716
8,34131,-0.008393
8,34535,0.043344
8,34535,-0.034407
8,34614,-0.116163
8,36163,-0.037119
8,36438,-0.090076
8,36565,0.013271
8,37120,-0.011813
8,37358,0.013795
8,37494,-0.061851
8,38510,-0.075278
8,39391,
8,40136,-0.043358
8,40211,0.015121
8,40500,0.081499
8,41000,0.043887
8,41655,-0.008378
8,41933,0.002498
8,43232,0.006338
8,43284,-0.022284
8,44372,-0.09586
8,46616,-0.019471
8,46798,0.165605
8,47866,0.062238
8,50513,0.016052
8,50515,-1.347582
8,50528,-0.090566
8,52662,-0.064178
8,53200,-0.092363
8,53600,-0.036225
8,53626,-0.131761
8,54000,
8,54540,-0.032457
8,55800,-0.070938
8,57000,-0.06949
8,58000,0.012916
8,58300,0.078555
8,58300,0.04002
8,59880,-0.007788
8,59880,-0.001412
8,60800,
8,60800,-0.066634
8,61244,0.138409
8,61244,0.14206
8,61744,0.012246
8,61744,0.039761
8,61898,-0.016469
8,61898,-0.007926
8,62671,0.06168
8,62671,
8,63738,-0.010458
8,63738,-0.012233
8,63980,0.1036
8,63980,0.062467
8,65902,-0.032147
8,65965,-0.112424
8,69000,0.060465
8,69732,0.142714
8,72987,-0.004483
8,73429,
8,75500,0.159629
8,76300,-0.003675
8,76507,-0.029182
8,79436,-0.024198
8,83046,0.141462
8,83674,0.093645
8,84403,-0.068762
8,84555,-0.080227
8,84563,0.075083
8,85000,-0.085065
8,86296,-0.020294
8,87775,
8,89969,0.017734
8,91000,
8,91573,-0.002192
8,92300,-0.075734
8,92523,-0.003285
8,92829,
8,92900,0.057268
8,93160,0.002573
8,94810,0.025893
8,95000,0.045764
8,95100,0.000954
8,99764,-0.057344
8,99811,0.040493
8,99811,0.042779
8,99983,-0.091802
8,100226,-0.031017
8,100534,-0.093842
8,107253,0.063918
8,107253,-0.100976
8,107286,0.015743
8,107526,0.001409
8,107600,0.007424
8,113047,-0.02078
8,122871,0.160567
8,124312,-0.024657
8,124312,0.01154
8,126803,-0.0451
8,129424,-0.06173
8,129424,
8,130202,-0.024663
8,130569,-0.059433
8,130569,-0.017479
8,131171,0.028125
8,131417,-0.060307
8,132000,0.026883
8,132300,-0.046791
8,133000,-0.070854
8,133000,
8,133000,0.045346
8,135133,-0.098917
8,136497,-0.066034
8,137852,-0.015193
8,137852,-0.007832
8,138290,0.009353
8,139363,-0.009416
8,139500,-0.001087
8,139731,-0.015958
8,142713,-0.041911
8,143000,-0.056888
8,143040,0.194277
8,144000,0.066073
8,144281,0.111744
8,146000,-0.005353
8,146287,0.035687
8,146319,
8,147000,0.031121
9,0,-0.085174
9,1367,-0.0278
9,2646,-0.049645
9,4000,
9,4624,-0.001558
9,4992,-0.034488
9,5278,-0.04631
9,5937,-0.029924
9,6112,-0.097996
9,8638,0.050162
9,9916,-0.122996
9,10959,-0.095925
9,11054,-0.086728
9,12251,-0.153795
9,12420,-0.157382
9,13775,-0.087973
9,14049,-0.069852
9,15347,0.072856
9,17146,0.224188
9,17229,-0.10927
9,19057,0.015708
9,20945,0.075227
9,23383,-0.049866
9,24325,-0.120649
9,26000,-0.054073
9,26763,-0.029824
9,28363,0.03338
9,30000,-0.009627
9,32444,-0.128289
9,33000,-0.164283
9,33135,-0.040049
9,33857,0.001387
9,34522,0.054933
9,36000,0.169481
9,36442,0.021206
9,36686,-0.02963
9,36955,0.002677
9,37843,0.044124
9,38223,-0.082227
9,38223,-0.047444
9,39000,0.073428
9,40368,0.075072
9,45533,-0.058937
9,45723,-0.049248
9,46503,-0.023811
9,47000,0.010498
9,47863,-0.047274
9,49716,0.03034
9,52048,-0.091599
9,52358,0.017195
9,53373,-0.020217
9,54000,-0.04129
9,54568,-0.028108
9,56914,-0.011178
9,59578,
9,59801,-0.048696
9,60055,-0.087863
9,60640,-0.039844
9,60790,-0.062624
9,62151,-0.032226
9,63081,-0.033941
9,64575,-0.034452
9,65000,-0.067327
9,65850,-0.017964
9,65901,-0.07531
9,67188,-0.018938
9,68521,-0.140411
9,69000,-0.056501
9,69267,0.07425
9,69782,0.00478
9,72000,-0.049301
9,73185,-0.038232
9,74000,-0.026539
9,75243,0.007716
9,75732,-0.068852
9,75732,-0.063931
9,75732,0.01727
9,76899,-0.078211
9,77080,
9,77807,-0.019302
9,78039,-0.025298
9,78810,-0.042432
9,78921,-0.046894
9,82000,0.133926
9,82446,-0.010788
9,83000,0.094298
9,85000,0.050925
9,86707,-0.017569
9,86922,-0.016533
9,87118,0.005836
9,89729,0.035425
9,90068,0.013979
9,90891,0.031371
9,91364,-0.086825
9,92823,0.026222
9,93000,-0.232677
9,93748,-0.027114
9,93980,0.042709
9,94181,-0.028523
9,94358,-0.052115
9,96265,-0.071175
9,97069,0.006189
9,97869,-0.070241
9,98257,0.185029
9,99760,0.000541
9,104161,0.027006
9,104320,0.024209
9,109612,-0.08177
9,109709,-0.000261
9,111600,-0.199834
9,111693,-0.061575
9,112876,0.050915
9,114680,0.057277
9,115000,0.032159
10,0,0.00448
10,100,-0.020769
10,190,-0.047672
10,1489,-0.031547
10,1600,0.032935
10,1991,-0.022893
10,3707,0.040582
10,4392,-0.055987
10,6021,-0.078921
10,6550,0.02613
10,6787,-0.063186
10,7529,-0.043233
10,8254,0.029292
10,8354,0.062289
10,8354,0.030338
10,8422,0.082614
10,9125,0.002929
10,12369,-0.024252
10,14350,-0.022312
10,14544,0.080065
10,15126,0
10,16561,-0.006447
10,19540,-0.054517
10,21826,-0.060456
10,22000,-0.010312
10,23011,0.084321
10,23153,-0.076455
10,23421,-0.117173
10,23512,
10,23771,-0.066575
10,24252,-0.062666
10,24252,-0.080247
10,24314,0.015539
10,25372,-0.003905
10,26509,0.056744
10,26536,0.049897
10,27000,-0.076391
10,28064,-0.089875
10,29925,
10,31308,-0.070981
10,32687,-0.012411
10,35439,
10,36686,-0.042223
10,43314,0.071639
10,43529,-0.048767
10,43864,-0.00241
10,47803,-0.003482
10,49954,0.050519
10,50248,-0.020364
10,51022,-0.044388
10,51646,-0.097049
10,52546,-0.079017
10,58794,
10,59553,-0.088423
10,61565,0.01507
10,63522,-0.040958
10,64187,0.056606
10,65000,0.257289
10,66905,0.402965
10,68379,
10,69209,0.405909
10,69549,0.337268
10,70547,0.52345
10,70957,0.528232
10,71592,0.545595
10,71718,0.47813
10,72037,0.460734
10,72446,0.640815
10,72613,0.563669
10,73067,0.478315
10,73970,0.491777
10,74000,0.409655
10,74318,0.426993
10,75902,0.629927
10,76813,0.45009
10,77725,
10,79354,0.483359
10,79419,0.609826
10,79726,0.613925
10,80275,0.660521
10,81189,0.521663
10,83753,0.499077
10,87222,
10,91199,0.613365
10,91199,0.462171
10,91517,0.536517
10,94000,0.427178
10,94408,
10,99593,0.48717
10,100322,0.481739
10,101762,0.418615
10,102131,0.522966
10,102878,0.519888
10,103869,0.537838
10,104000,0.419849
10,104252,0.5851
10,104361,0.408302
10,105371,0.516274
10,105905,0.55795
10,106431,
10,108607,0.56282
10,108903,0.649376
10,110000,0.382297
10,110412,0.026173
10,111648,0.088045
10,112363,-0.005797
10,112504,-0.053356
10,115074,0.088079
10,115621,0.025762
10,116000,-0.044142
10,116996,0.037502
10,117000,0.071216
10,118500,0.115454
10,120000,-0.040542
10,125697,0.064686
10,125880,-0.060052
10,126000,-0.060562
10,127478,-0.024772
10,128617,0.059458
10,128690,0.037852
10,129000,
10,129680,-0.115366
10,130367,-0.028055
10,130925,-0.070181
10,131000,-0.050651
10,132349,-0.029299
10,133790,-0.059022
10,134059,0.082584
10,134350,0.011711
10,134350,-0.060028
10,135096,
10,135363,0.018853
10,135611,-0.120087
10,139324,-0.10627
10,140000,-0.034819
10,141000,0.020969
10,142000,-0.027251
11,0,0.063259
11,1000,-0.063773
11,1000,-0.099018
11,1541,0.000801
11,2430,
11,2920,0.043347
11,4276,-0.071524
11,4415,-0.05468
11,5197,0.013853
11,6000,0.052681
11,6532,
11,7000,-0.064691
11,7500,0.026382
11,8034,-0.031901
11,10000,0.008985
11,10612,0.038406
11,11000,0.053541
11,11000,0.04573
11,11643,-0.044371
11,11643,0.047223
11,12671,0.029507
11,12671,0.154647
11,13646,-0.028656
11,14200,-0.040683
11,14440,0.082984
11,15042,-0.047755
11,15079,0.010288
11,15436,0.036348
11,17392,-0.059326
11,18000,0.093288
11,18789,0.021819
11,19633,0.042106
11,19801,0.004137
11,20031,0.057866
11,20541,0.061857
11,20607,-0.033481
11,20719,0.100931
11,23609,-0.029153
11,25000,-0.11858
11,25617,-0.143383
11,26841,0.013447
11,27330,0.029901
11,27344,0.068473
11,30254,-0.014248
11,31000,-0.007085
11,31000,-0.066676
11,32000,0.209802
11,32299,0.052766
11,32299,0.129806
11,33075,-0.107114
11,33075,-0.089195
11,34420,0.149555
11,34420,0.08766
11,35416,-0.701875
11,35416,-0.763819
11,35914,-0.823886
11,35914,-0.722063
11,37088,-0.606057
11,37088,-0.670702
11,37443,-0.261965
11,37885,-0.650163
11,38842,-0.599047
11,38993,-0.786701
11,39279,-0.704614
11,39286,-0.841003
11,39389,-0.501586
11,39623,-0.298158
11,39623,-0.834573
11,43357,-0.087916
11,43460,-0.026132
11,44181,-0.063318
11,44685,-0.081215
11,44927,
11,46795,-0.02291
11,47000,0.115277
11,47437,0.192761
11,47800,0.062675
11,47874,0.084961
11,48011,0.084258
11,48923,-0.02848
11,49500,-0.027674
11,50000,-0.010078
11,51012,0.106734
11,51012,0.093907
11,51200,0.098171
11,51381,0.017304
11,55221,0.014482
11,55443,0.098801
11,56434,0.164865
11,57819,-0.107618
11,58419,0.054634
11,58733,0.095414
11,58813,0.092451
11,59502,-0.041624
11,63595,-0.01412
11,63610,-0.037874
11,64970,-0.00389
11,66174,-0.017595
11,66620,-0.068182
11,67175,-0.015085
11,67664,0.18811
11,68473,0.027135
11,69067,0.02366
11,69592,-0.040364
11,70583,-0.021823
11,70646,-0.127535
11,70646,-0.072929
11,71567,0.097579
11,72176,0.037907
11,72300,0.00816
11,72400,0.068543
11,72500,-0.032315
11,72500,0.177528
11,72600,-0.05687
11,72700,-0.016183
11,72800,-0.031146
11,73159,
11,73279,-0.062389
11,75343,0.052957
11,75861,0.023279
11,76626,0.022237
11,76848,-0.14381
11,77250,0.04463
11,78965,0.095999
11,79250,-0.044168
11,79364,0.083232
11,79963,0.1252
11,80434,-0.016367
11,80434,-0.042856
11,81775,-0.073803
11,82032,-0.088975
11,83201,0.104419
11,83949,-0.012488
11,87857,0.134628
11,88571,0.03594
11,88758,0.114554
11,88781,-0.039162
11,91282,0.088803
11,91362,-0.002833
11,91444,-0.14795
11,93103,0.024307
11,101096,0.022187
11,101377,-0.050086
11,101560,-0.04579
11,106551,-0.029843
11,108676,-0.081707
11,110126,0.007488
11,110746,0.067919
11,110873,-0.02721
11,111150,0.00201
11,111611,-0.025514
11,111857,0.144501
11,113637,0.009069
11,113845,-0.06901
11,113850,-0.04776
11,114678,-0.032515
11,114915,-0.096973
11,117617,-0.014107
11,117817,-0.115365
11,117817,-0.129389
11,120000,0.061232
11,121617,0.037475
11,122025,0.019875
11,122345,0.073359
11,123568,-0.026227
11,123723,0.007971
11,124905,0.10547
11,125056,-0.006914
11,128440,0.013524
11,128865,0.110814
11,129748,-0.065866
11,130220,0.018837
11,131306,0.092188
11,131671,0.16221
11,131866,0.083796
11,132351,0.06737
11,133013,0.111017
11,133195,0.016741
11,134603,0.11057
11,134633,0.014006
11,134710,0.067415
11,137900,0.083962
11,138294,0.061502
11,138375,-0.00111
11,139686,0.020506
11,140000,0.046176
11,142667,0.015965
11,144114,0.012605
11,145000,0.005139
12,0,0.057221
12,316,-0.03495
12,3442,0.041958
12,4558,0.014261
12,5000,-0.050293
12,5000,0.069539
12,5500,-0.00192
12,6110,0.076203
12,14317,-0.186399
12,15101,0.083945
12,16049,-0.000141
12,17000,0.036845
12,17250,0.014452
12,19795,0.059865
12,19805,0.026902
12,23141,-0.0247
12,26470,0.025547
12,27000,0.127138
12,27272,-0.040871
12,28319,0.077566
12,31997,-0.013189
12,32946,0.105219
12,33330,0.058896
12,34313,-0.057307
12,36000,0.031212
12,40408,0.047577
12,43910,0.149002
12,50000,-0.026398
12,50845,0.025125
12,52000,-0.000262
12,52964,-0.110809
12,53924,0.041286
12,54000,0.018199
12,54217,0.006539
12,55000,0.019608
12,56000,0.076083
12,60940,0.073262
12,62064,0.003858
12,64000,-0.077266
12,65254,0.025175
12,65927,0.079649
12,66323,0.106989
12,66395,0.02194
12,67434,0.011734
12,68000,0.189913
12,68961,0.060925
12,69512,-0.041537
12,70219,-0.092869
12,70846,-0.00432
12,72240,0.079063
12,73034,-0.109732
12,73044,-0.045802
12,75106,0.130471
12,80000,-0.012498
12,81936,0.072697
12,84484,0.046579
12,86783,-0.00026
12,93915,0.075934
12,94805,
12,96435,-0.019472
12,97059,0.054994
12,97300,0.012173
12,97509,0.092858
12,99178,0.004087
12,99370,-0.059666
12,100030,0.196312
12,100038,-0.013244
12,100701,-0.036957
12,100926,-0.049338
12,102483,
12,103626,-0.027492
12,106040,0.053382
12,106934,-0.035583
12,108135,-0.03057
12,110043,0.039138
12,110366,-0.056316
12,111000,-0.004025
12,111076,-0.131218
12,112000,0.061176
12,112060,0.012812
12,112582,-0.075052
12,112847,0.125963
12,112922,0.075092
12,117257,
12,117357,0.017595
12,118000,-0.076948
12,118722,0.003462
12,118982,-0.022374
12,122050,0.074493
12,123405,0.036754
12,136177,0.016163
12,139226,0.032199
12,140000,0.125611
12,140687,0.174189
12,141086,0.068101
12,141551,0.03399
12,142000,-0.094485
12,,-0.072733
13,3426,0.050252
13,5654,-0.033587
13,7204,0.000919
13,7516,-0.056732
13,9803,-0.015569
13,12841,0.016614
13,14984,-0.017568
13,17000,-0.03832
13,22365,0.042453
13,23545,-0.038195
13,24261,-0.128675
13,25000,-0.031763
13,25562,0.012897
13,25965,-0.063832
13,26301,-0.044733
13,28326,0.026535
13,28469,-0.009858
13,33006,0.143726
13,34449,-0.048271
13,35367,-0.092124
13,35392,-0.012616
13,35826,-0.10427
13,38931,-0.021655
13,40246,-0.062218
13,40646,
13,57577,-0.048264
13,57679,-0.066986
13,57801,-0.113253
13,58000,
13,58465,-0.115379
13,58700,-0.088965
13,58948,
13,59056,-0.059339
13,60000,-0.128572
13,62709,0.027848
13,63651,-0.001119
13,64245,-0.026091
13,68000,-0.079684
13,73000,-0.35124
13,75661,-0.083824
13,78470,-0.039021
13,80646,-0.029682
13,81209,-0.043511
13,82062,0.020321
13,84000,
13,86135,-0.000899
13,86403,-0.013722
13,86869,0.049719
13,88893,-0.013462
13,89000,0.035311
13,90030,-0.006636
13,91532,-0.009008
13,92644,-0.052716
13,93655,-0.098025
13,95500,0.013569
13,96108,0.02486
13,97356,0.006676
13,98409,-0.002456
13,99000,-0.067404
13,100376,-0.063075
13,100500,0.031386
14,770,-0.035225
14,874,-0.052275
14,1070,0.024592
14,2999,-0.041305
14,3292,0.003966
14,3335,
14,3353,0.066782
14,4262,0.121408
14,5740,0.021176
14,6649,0.030119
14,7244,-0.088408
14,9655,-0.045744
14,11545,-0.028286
14,12257,0.062734
14,14455,-0.075769
14,14875,-0.115801
14,15290,-0.099365
14,21000,0.092041
14,21563,-0.122356
14,22837,
14,29942,-0.052738
14,31036,-0.075232
14,32971,0.062763
14,33911,0.020567
14,34816,-0.001116
14,35380,-0.131715
14,35700,0.000131
14,36094,-0.103249
14,36991,-0.057369
14,37500,-0.022975
14,37971,0.001795
14,38717,-0.009515
14,40183,0.00875
14,40288,0.048469
14,41082,-0.014319
14,41321,-0.109431
14,42902,0.078317
14,47506,0.187012
14,48476,0.036909
14,49083,0.17475
14,49083,-0.026254
14,50126,-0.019313
14,50297,0.056029
14,53579,-0.126936
14,53913,-0.003961
14,53941,-0.035476
14,55601,0.01263
14,55736,0.24537
14,56563,-0.047268
14,60293,-0.069893
14,62917,0.013937
14,64953,0.045702
14,66231,0.005952
14,67277,0.200317
14,71000,0.066854
14,75000,-0.074979
14,76000,-0.026063
14,78861,0.086416
14,80287,0.051313
14,80615,0.029435
14,81123,0.017401
14,81858,0.084479
14,82134,0.318049
14,83000,0.178944
14,84159,0.04879
14,84233,0.059037
14,84757,0.109641
14,86143,0.024269
14,86400,0.014566
14,90010,0.033022
14,90309,-0.011153
14,91712,0.063365
14,93218,0.058488
14,94257,0.136986
14,94292,0.208685
14,94306,0.010059
14,96128,-0.020775
14,97000,-0.029406
15,0,0.337831
15,3854,
15,4051,0.166755
15,5000,0.031456
15,5100,-0.086631
15,5100,0.012338
15,5212,-0.061913
15,6993,
15,10253,0.348829
15,10687,0.278865
15,11213,0.00795
15,11669,0.000368
15,12847,-0.006418
15,16573,-0.129983
15,19016,0.217062
15,19218,0.00035
15,21791,-0.00751
15,21993,0.009389
15,22385,-0.084661
15,25615,0.183332
15,28997,-0.022688
15,29204,-0.023738
15,30641,-0.006208
15,31310,-0.057068
15,32943,-0.036433
15,34064,0.053149
15,34129,0.051729
15,35000,0.067784
15,35484,-0.007135
15,35488,0.112779
15,35601,0.000303
15,36000,
15,36007,-0.048193
15,36786,0.134566
15,37032,0.016699
15,41000,-0.192848
15,41907,-0.038314
15,42515,-0.065075
15,43343,-0.079762
15,44854,0.097812
15,45000,-0.024401
15,45015,-0.026778
15,45749,-0.036991
15,46389,-0.027038
15,47975,
15,48521,-0.068821
15,49436,0.070725
15,50973,-0.026656
15,51079,0.082882
15,52434,
15,53181,0.108839
15,54267,-0.085416
15,57693,-0.012612
15,57734,0.019708
15,58067,-0.023155
15,59243,-0.04987
15,60000,0.115633
15,62699,0.052546
15,63049,0.069392
15,64126,-0.058778
15,64204,-0.006763
15,64732,0.112589
15,66610,-0.068842
15,67000,-0.067968
15,70846,-0.112169
15,70883,-0.012268
15,73000,-0.065339
15,74172,-0.014207
15,77252,-0.056694
15,78124,
15,78665,-0.054031
15,79000,0.000557
16,0,0.009656
16,6021,0.005216
16,9257,-0.058453
16,11000,-0.033972
16,12160,-0.013516
16,16230,-0.090646
16,18000,-0.101986
16,18938,-0.036285
16,19478,-0.012863
16,20472,-0.026592
16,21290,0.029308
16,24969,0.024229
16,27091,-0.04785
16,27108,0.072595
16,28000,0.16139
16,29000,
16,32801,-0.051001
16,33693,-0.019886
16,36000,0.035329
16,38000,0.033638
16,40000,
16,40500,-0.050285
16,40751,0.060257
16,41802,0.065087
16,43188,0.052412
16,43620,0.169619
16,46151,-0.038393
16,47000,0.066574
16,47174,0.106817
16,47636,0.017833
16,51600,0.044162
16,51600,0.12542
16,52093,0.051262
16,53000,-0.048768
16,54000,0.142959
16,54374,0.020047
16,55905,0.020193
16,57000,-0.010271
16,59000,-0.003568
16,59928,0.044903
16,60000,0.012539
16,61697,0.077451
16,63000,0.153878
16,63259,-0.012407
16,63655,-0.01382
16,63900,0.004135
16,65000,-0.02597
16,67000,-0.019154
16,67952,-0.034589
16,68085,0.080517
16,69000,-0.142526
16,70274,0.038087
16,72000,-0.03634
16,74511,0.304321
16,75118,-0.064513
16,77091,0.081752
16,77110,0.031062
16,78890,0.077221
16,79280,
16,80863,0.082697
16,80868,0.137621
16,81270,0.052744
16,81658,-0.027298
16,81855,-0.008372
16,81913,0.125018
16,82543,0.186642
16,83000,0.035792
16,83836,-0.01488
16,84000,-0.015399
17,0,0.069762
17,89,-0.169341
17,306,0.243372
17,649,-0.021186
17,1008,0.036699
17,1674,-0.125335
17,1854,0.139533
17,1876,0.051692
17,1876,-0.028395
17,1876,
17,1876,-0.099407
17,1876,-0.054231
17,1876,0.080631
17,1905,-0.114647
17,2059,-0.022297
17,2967,0.081702
17,6141,0.038572
17,6141,-0.104833
17,6723,0.134895
17,7400,-0.041234
17,7454,0.150874
17,7541,-0.02012
17,8314,0.007975
17,8352,0.262289
17,8797,0.018159
17,9907,-0.073572
17,14590,0.134546
17,15549,0.047486
17,16407,-0.009611
17,20000,0.050922
17,21402,0.129903
17,25000,-0.002593
17,26698,0.03894
17,27214,0.072843
17,27640,-0.012861
17,29010,0.070823
17,34639,0.134408
17,35439,0.112386
17,35518,0.120168
17,39084,
17,39726,0.03343
17,39726,-0.02812
17,40289,0.0096
17,40368,-0.003623
17,40420,0.212264
17,40446,0.03485
17,40467,0.136452
17,40473,0.112943
17,41459,-0.032411
17,41729,-0.057612
17,44000,
17,45000,-0.046611
17,46000,0.025001
17,46245,-0.418247
17,46765,0.207917
17,48088,-0.035044
17,49059,0.086269
17,49285,0.067399
17,50000,-0.008566
17,50231,0.111546
17,51711,0.030773
17,52738,0.188825
17,52805,0.009274
17,52805,0.12395
17,53201,-0.033263
17,56191,0.037369
17,56276,
17,56313,0.174214
17,58122,0.111436
17,60000,0.25143
17,61052,0.17091
17,61699,0.022589
17,62000,0.122762
17,68061,0.03875
17,69892,0.207727
17,71419,-0.066729
17,73705,-0.016679
17,73705,-0.008343
17,75513,0.065369
17,76151,0.150398
17,76585,0.090253
17,77488,0.144712
17,78000,0.289287
17,78294,0.128912
17,79066,0.011496
17,79762,0.107063
17,79838,-0.065945
17,81700,-0.093019
17,82000,0.255011
17,82400,0.108028
17,82502,0.272084
17,83857,-0.027648
17,83857,
17,84000,-0.025361
17,85000,0.044132
17,86000,0.03809
18,0,-0.008804
18,754,0.027653
18,829,-0.017173
18,2739,-0.015396
18,3712,-0.082667
18,4528,0.08801
18,4640,0.027796
18,5000,-0.029278
18,7033,0.070146
18,8604,-0.064078
18,11434,-0.040442
18,13312,0.081245
18,13335,0.027645
18,13581,
18,13771,-0.036878
18,14087,-0.045028
18,15184,
18,16248,-0.007083
18,16589,0.041876
18,17037,0.042316
18,19141,0.123242
18,21941,-0.159049
18,22769,-0.02419
18,26873,-0.025049
18,32399,0.032784
18,35122,0.006442
18,36931,0.029516
18,38296,0.127641
18,41303,-0.088038
18,48110,0.03239
18,50123,-0.033916
18,51809,-0.029449
18,53631,0.005451
18,54578,-0.074672
18,54598,0.021633
18,57063,0.087238
18,57063,-0.037568
18,60096,0.019687
18,61039,
18,63175,-0.04888
18,63175,-0.060244
18,63286,0.056501
18,64507,0.036351
18,65838,-0.070189
18,66608,-0.028679
18,69284,0.166469
18,70529,-0.102768
18,73531,-0.060672
18,73927,-0.020173
18,74439,-0.028381
18,75922,0.188245
18,79657,-0.001634
18,82534,-0.044906
18,82906,-0.019934
18,85710,-0.006319
18,86000,0.06876
19,0,0.099297
19,10,0.126951
19,500,-0.146434
19,767,-0.035499
19,9507,-0.070207
19,13071,-0.082483
19,13400,-0.073741
19,15278,-0.033184
19,16924,-0.050272
19,16924,-0.122298
19,20379,-0.126418
19,21203,-0.027268
19,25000,0.05808
19,27000,-0.089917
19,30264,-0.054663
19,30444,-0.003154
19,30935,-0.002013
19,34169,-0.047382
19,39052,
19,41652,
19,44000,0.014876
19,44825,0.056653
19,46000,0.016595
19,47000,-0.019826
19,47457,-0.034138
19,47711,-0.028175
19,49399,0.037593
19,49456,-0.011749
19,50395,-0.018797
19,51703,-0.069384
19,51703,-0.052065
19,55000,-0.015369
19,55500,-0.104824
19,56000,0.075283
19,56840,-0.009417
19,59705,-0.020832
19,65145,-0.086809
19,68853,-0.098918
19,70000,0.035733
20,0,0.053188
20,508,
20,336,0.020122
20,1245,
20,2161,0.155599
20,2649,-0.061736
20,3316,-0.043903
20,4065,
20,4065,0.078358
20,4364,-0.066115
20,5202,0.235597
20,5501,-0.297523
20,5510,-0.071362
20,6454,-0.08651
20,8000,-0.059477
20,8016,0.128624
20,8016,0.133137
20,8063,0.000745
20,10858,0.029032
20,11930,0.037235
20,12210,0.138177
20,12277,-0.040944
20,12906,-0.014416
20,12986,0.017554
20,13388,-0.021478
20,13388,0.041809
20,17720,-0.021805
20,19295,
20,19611,
20,19671,-0.027637
20,20909,
20,21888,0.047419
20,22219,0.028006
20,22778,-0.039442
20,26818,
20,28788,0.028588
20,29487,-0.018403
20,29943,-0.065247
20,30748,-0.075411
20,30863,0.010892
20,32620,-0.010298
20,32946,0.162067
20,32948,0.035031
20,33333,-0.11515
20,38000,-0.019274
20,39094,0.13012
20,45000,0.077843
20,45011,-0.17002
20,45261,
20,45722,
20,46880,0.22253
20,47000,-0.014502
20,47494,0.012646
20,47553,0.040319
20,47676,-0.02018
20,47944,0.065993
20,48827,0.056438
20,48955,-0.062523
20,49713,0.010705
20,50593,0.07285
20,51193,-0.028943
20,51440,-0.052028
20,51595,0.010981
20,54156,0.174318
20,55000,0.070608
20,55061,-0.023117
20,55186,0.10664
20,55209,-0.081674
20,55565,0.080398
20,56548,-0.02463
20,56548,-0.027654
20,56873,0.0105
20,58297,0.040625
20,58722,-0.073902
20,58722,-0.030227
20,58744,-0.023351
20,59151,-0.05821
20,60190,0.092871
20,60758,0.092011
20,61516,0.028889
20,61871,0.007771
20,62411,-0.03765
20,62835,-0.030252
20,62835,0.074398
20,63162,0.08374
20,63325,-0.004943
20,63325,0.310642
20,65253,0.039456
20,66064,-0.103476
20,66064,-0.092306
20,65886,-0.009431
20,66895,0.082455
20,67166,-0.024676
20,69633,-0.021842
20,70647,
20,72000,-0.08878
20,73000,0.002036
21,3131,-0.089628
21,3131,0.042549
21,4675,0.04565
21,6268,0.19877
21,6709,0.05812
21,9092,
21,10162,0.011823
21,12096,0.079035
21,13778,-0.002238
21,14112,0.186884
21,14379,0.113712
21,14683,-0.000537
21,14845,0.135108
21,14845,-0.035989
21,14860,0.007273
21,15068,0.208629
21,16688,0.155372
21,17584,0.121967
21,17703,0.137092
21,17704,0.02118
21,18820,-0.058426
21,19080,-0.069056
21,19247,-0.002217
21,19391,-0.083595
21,19551,-0.052918
21,20154,-0.035516
21,20710,-0.061284
21,21000,-0.037644
21,21500,-0.003717
21,22555,-0.038488
21,24685,0.006049
21,26653,
21,28211,0.020326
21,29654,0.02616
21,30000,0.022213
22,1100,-0.026188
22,3258,0.057554
22,5966,0.022231
22,7172,0.047615
22,7172,0.198816
22,13148,-0.090845
22,13646,0.119789
22,16319,
22,19829,0.062683
22,20552,0.152443
22,22615,0.072251
22,23148,0.015905
22,23445,-0.012173
22,23911,
22,25769,-0.072988
22,28700,-0.118809
22,29268,-0.143734
22,33000,0.00799
23,0,-0.161546
23,4000,0.475242
23,6000,
23,9636,0.962713
23,10000,0.678214
23,10623,0.759521
23,12870,0.735446
23,13865,
23,14346,0.759835
23,14925,0.823271
23,22055,
23,22265,0.716995
23,22399,0.615864
23,22749,0.685661
23,23537,0.612426
23,23997,0.746506
23,24000,0.433825
23,26475,
23,30966,0.967451
23,34300,
23,35000,
23,35606,0.609482
23,37437,1.082744
23,42790,0.655286
23,47701,0.862084
23,49714,0.668306
23,50000,
23,50170,0.477792
23,53700,0.628378
23,53764,0.693036
23,57460,0.869171
23,58678,0.62221
23,60000,0.904587
23,60647,0.506883
23,67151,
23,82983,0.517834
23,90040,0.774403
23,91515,0.689862
23,91903,0.590917
23,94004,0.931767
23,98905,0.933598
23,103193,0.568248
23,103227,0.660748
23,105000,0.639443
23,117596,0.799078
23,122965,0.531052
23,125571,0.958822
23,130000,0.799992
23,130653,0.804311
23,133192,0.879181
23,134466,0.758389
23,135134,0.674154
23,135363,0.736801
23,143000,0.710277
23,145000,0.804139
23,147594,0.728311
23,148407,0.775048
23,149036,
23,149342,0.653641
23,155000,0.004061
23,,0.822176
23,,0.866158
24,,-1.507496
26,31218,0.044302
26,31685,0.000731
26,41226,-0.015168
26,58329,-0.107054
26,59894,-0.166999
26,70221,-0.028673
26,71000,-0.129532
26,76269,-0.022751
26,130743,-0.080826
26,135000,
27,133264,0.101325
27,87658,-0.10022
30,76800,0.007737
30,,0.028245
30,,-0.01143
30,100600,-0.050844
30,,-0.105963
30,,-0.04526
30,,-0.085144
30,,-0.154332
30,,0.014572
30,,-0.101014
30,,-0.243157
30,,0.009665
30,,-0.068162
30,,-0.01574
30,,-0.038547
30,,0.055216
30,,-0.140802
30,,0.077311
30,,-0.004188
30,,-0.078246
30,,-0.001363
30,,-0.08689
30,,-0.048761
30,,
30,,-0.097111
30,,
30,,
30,,-0.066629
30,,-0.064972
30,,
30,,
30,,-0.08513
30,,-0.043538
30,,
30,,0.607854
30,,0.079838
30,,-0.289286
30,,-0.007125
30,,-0.040233
30,,0.047599
30,,0.108064
30,,0.127598
30,,0.549322
30,,-0.014533
30,,0.141182
30,,
30,,0.075478
30,,-0.115288
30,,-0.061097
30,,-0.072242
30,,
30,,-0.025048
30,,-0.084989
30,,-0.091421
30,,-0.066874
30,,-0.023579
30,,0.092425
30,,0.008814
30,,-0.015206
30,,-0.077338
30,,0.065375
30,,-0.06418
30,,-0.004317
30,,-0.046995
30,,-0.156774
30,,0.019956
30,,-0.100068
30,,-0.108264
30,,
30,,-0.137635
30,,
30,,-0.004391
30,,-0.084011
30,,-0.02866
30,,-0.07715
30,,0.215317
30,,0.112957
30,,-0.007369
30,,0.27251
30,,0.065971
30,,0.235496
30,,0.812269
30,,0.000353
30,,0.08544
30,,-0.063621
30,,-0.041794
30,,0.017822
30,,-0.02401
30,,-0.110056
30,,
30,,
30,,-0.007653
30,,0.027779
30,,0.00671
30,,0.000053
30,,-0.029263
30,,-0.080702
30,,0.000748
30,,0.04115
30,,
30,,0.206362
30,,0.260651
30,,0.306451
30,,
30,,0.126828
30,,-0.058268
30,,0.070088
30,,0.073459
30,,0.067292
30,,0.162635
30,,
30,,-0.061685
30,,0.045733
30,,
30,,-0.25107
30,,
30,,-0.015852
30,,0.850185
30,,0.865496
30,,-0.041425
30,,0.005541
30,,0.1842
30,,-0.038529
30,,-0.04857
30,,-0.291971
30,,-0.031772
30,,-0.025493
30,,0.028446
30,,-0.047911
30,,-0.053177
30,,0.019264
30,,-0.015519
30,,0.027508
30,,
30,,-0.088674
30,,0.093568
30,,-0.129648
30,,-0.052954
30,,-0.011129
30,,-0.063068
30,,-0.010765
30,,-0.036018
30,,0.006231
30,,-0.027489
30,,-0.039565
30,,-0.141215
30,,0.942889
30,,0.073851
30,,0.049883
30,,0.122739
30,,0.056785
30,,0.113668
30,,-0.029071
30,,0.171982
30,,-0.086052
30,,-0.079144
30,,0.031921
30,,-0.094456
30,,0.045814
30,,0.127529
30,,0.07305
30,,0.053821
30,,0.139366
30,,0.025405
30,,0.782699
30,,-0.065932
30,,0.019096
30,,0.022949
30,,0.121151
30,,0.14346
30,,-0.056344
30,,0.113029
30,,-0.233394
30,,0.030173
